{
    "ordering": [
        [
            "A1",
            "B1",
            "C1"
        ],
        [
            "A2",
            "B2",
            "C2"
        ],
        [
            "A3",
            "B3",
            "C3"
        ],
        [
            "A4",
            "B4",
            "C4"
        ]
    ],
    "brand": {
        "brand": "3D_printed",
        "brandId": []
    },
    "metadata": {
        "displayName": "Cool_block_1.5mL",
        "displayCategory": "tubeRack",
        "displayVolumeUnits": "µL",
        "tags": []
    },
    "dimensions": {
        "xDimension": 127.5,
        "yDimension": 85.5,
        "zDimension": 70.3
    },
    "wells": {
        "A1": {
            "depth": 36.8,
            "totalLiquidVolume": 1500,
            "shape": "circular",
            "diameter": 8.8,
            "x": 30.5,
            "y": 63.5,
            "z": 33.5
        },
        "B1": {
            "depth": 36.8,
            "totalLiquidVolume": 1500,
            "shape": "circular",
            "diameter": 8.8,
            "x": 30.5,
            "y": 42.5,
            "z": 33.5
        },
        "C1": {
            "depth": 36.8,
            "totalLiquidVolume": 1500,
            "shape": "circular",
            "diameter": 8.8,
            "x": 30.5,
            "y": 21.5,
            "z": 33.5
        },
        "A2": {
            "depth": 36.8,
            "totalLiquidVolume": 1500,
            "shape": "circular",
            "diameter": 8.8,
            "x": 51.5,
            "y": 63.5,
            "z": 33.5
        },
        "B2": {
            "depth": 36.8,
            "totalLiquidVolume": 1500,
            "shape": "circular",
            "diameter": 8.8,
            "x": 51.5,
            "y": 42.5,
            "z": 33.5
        },
        "C2": {
            "depth": 36.8,
            "totalLiquidVolume": 1500,
            "shape": "circular",
            "diameter": 8.8,
            "x": 51.5,
            "y": 21.5,
            "z": 33.5
        },
        "A3": {
            "depth": 36.8,
            "totalLiquidVolume": 1500,
            "shape": "circular",
            "diameter": 8.8,
            "x": 72.5,
            "y": 63.5,
            "z": 33.5
        },
        "B3": {
            "depth": 36.8,
            "totalLiquidVolume": 1500,
            "shape": "circular",
            "diameter": 8.8,
            "x": 72.5,
            "y": 42.5,
            "z": 33.5
        },
        "C3": {
            "depth": 36.8,
            "totalLiquidVolume": 1500,
            "shape": "circular",
            "diameter": 8.8,
            "x": 72.5,
            "y": 21.5,
            "z": 33.5
        },
        "A4": {
            "depth": 36.8,
            "totalLiquidVolume": 1500,
            "shape": "circular",
            "diameter": 8.8,
            "x": 93.5,
            "y": 63.5,
            "z": 33.5
        },
        "B4": {
            "depth": 36.8,
            "totalLiquidVolume": 1500,
            "shape": "circular",
            "diameter": 8.8,
            "x": 93.5,
            "y": 42.5,
            "z": 33.5
        },
        "C4": {
            "depth": 36.8,
            "totalLiquidVolume": 1500,
            "shape": "circular",
            "diameter": 8.8,
            "x": 93.5,
            "y": 21.5,
            "z": 33.5
        }
    },
    "groups": [
        {
            "brand": {
                "brand": "No_brand",
                "brandId": []
            },
            "metadata": {
                "wellBottomShape": "v",
                "displayCategory": "tubeRack"
            },
            "wells": [
                "A1",
                "B1",
                "C1",
                "A2",
                "B2",
                "C2",
                "A3",
                "B3",
                "C3",
                "A4",
                "B4",
                "C4"
            ]
        }
    ],
    "parameters": {
        "format": "irregular",
        "quirks": [],
        "isTiprack": false,
        "isMagneticModuleCompatible": false,
        "loadName": "cool_block_1.5ml"
    },
    "namespace": "custom_beta",
    "version": 1,
    "schemaVersion": 2,
    "cornerOffsetFromSlot": {
        "x": 0,
        "y": 0,
        "z": 0
    }
}